ID,class
567.0,PASS
1261.0,PASS
1041.0,PASS
1181.0,PASS
611.0,PASS
794.0,PASS
1325.0,FAIL
1340.0,PASS
675.0,PASS
80.0,PASS
791.0,PASS
316.0,PASS
127.0,PASS
941.0,PASS
345.0,FAIL
1142.0,PASS
404.0,PASS
1053.0,PASS
402.0,PASS
1432.0,PASS
846.0,PASS
817.0,PASS
339.0,PASS
563.0,PASS
685.0,PASS
907.0,PASS
1254.0,PASS
906.0,PASS
1146.0,PASS
308.0,PASS
1556.0,PASS
749.0,PASS
35.0,PASS
59.0,FAIL
750.0,PASS
146.0,PASS
786.0,PASS
518.0,PASS
641.0,PASS
671.0,PASS
1058.0,PASS
1481.0,PASS
1563.0,PASS
411.0,PASS
1200.0,PASS
897.0,PASS
176.0,PASS
593.0,PASS
383.0,PASS
1205.0,PASS
1486.0,PASS
1162.0,PASS
149.0,PASS
211.0,PASS
734.0,PASS
380.0,PASS
1452.0,PASS
943.0,PASS
1267.0,PASS
261.0,PASS
307.0,PASS
1185.0,PASS
551.0,PASS
1408.0,PASS
204.0,PASS
1153.0,PASS
1430.0,PASS
521.0,PASS
962.0,PASS
807.0,PASS
1235.0,PASS
1559.0,PASS
180.0,PASS
560.0,PASS
1064.0,PASS
1237.0,PASS
92.0,PASS
1331.0,PASS
622.0,PASS
1115.0,PASS
311.0,PASS
98.0,PASS
926.0,PASS
620.0,PASS
60.0,PASS
715.0,PASS
998.0,PASS
771.0,PASS
1078.0,PASS
395.0,PASS
1543.0,PASS
167.0,PASS
436.0,PASS
649.0,PASS
91.0,PASS
1419.0,PASS
1443.0,PASS
689.0,PASS
412.0,PASS
833.0,PASS
58.0,FAIL
1080.0,PASS
1160.0,PASS
386.0,PASS
838.0,PASS
612.0,PASS
117.0,PASS
1454.0,PASS
155.0,FAIL
1286.0,PASS
619.0,PASS
726.0,PASS
1421.0,PASS
1560.0,PASS
1037.0,PASS
553.0,PASS
599.0,PASS
698.0,PASS
1385.0,PASS
1098.0,PASS
1410.0,PASS
143.0,PASS
1509.0,PASS
1517.0,PASS
1562.0,PASS
1257.0,PASS
1140.0,PASS
1553.0,PASS
192.0,PASS
1293.0,PASS
1491.0,PASS
1335.0,PASS
70.0,PASS
280.0,PASS
982.0,PASS
329.0,PASS
711.0,PASS
474.0,PASS
712.0,PASS
1352.0,PASS
20.0,PASS
368.0,PASS
462.0,PASS
702.0,PASS
61.0,PASS
772.0,PASS
1123.0,PASS
903.0,PASS
1453.0,PASS
773.0,PASS
864.0,PASS
94.0,PASS
1433.0,PASS
1137.0,PASS
768.0,PASS
458.0,PASS
774.0,PASS
580.0,PASS
1471.0,PASS
687.0,PASS
1305.0,PASS
68.0,PASS
452.0,PASS
1148.0,PASS
690.0,PASS
1299.0,PASS
813.0,PASS
533.0,PASS
235.0,PASS
384.0,PASS
1164.0,PASS
673.0,PASS
853.0,PASS
1468.0,PASS
88.0,PASS
174.0,PASS
738.0,PASS
1534.0,PASS
1496.0,PASS
554.0,PASS
862.0,PASS
1176.0,PASS
672.0,PASS
134.0,PASS
271.0,PASS
324.0,FAIL
919.0,PASS
463.0,PASS
86.0,PASS
187.0,FAIL
416.0,PASS
1290.0,PASS
1003.0,PASS
201.0,PASS
1328.0,PASS
934.0,PASS
661.0,PASS
1375.0,PASS
1258.0,PASS
513.0,PASS
1429.0,PASS
1393.0,PASS
1087.0,PASS
165.0,PASS
950.0,PASS
354.0,PASS
1222.0,PASS
1548.0,PASS
224.0,PASS
183.0,FAIL
1008.0,PASS
4.0,PASS
9.0,PASS
510.0,PASS
304.0,PASS
900.0,PASS
440.0,PASS
592.0,PASS
1152.0,FAIL
1302.0,PASS
1100.0,PASS
1332.0,PASS
840.0,PASS
125.0,PASS
1337.0,PASS
1256.0,PASS
494.0,PASS
795.0,PASS
189.0,FAIL
435.0,PASS
932.0,PASS
614.0,PASS
1495.0,PASS
140.0,PASS
8.0,PASS
1128.0,PASS
1110.0,PASS
910.0,PASS
777.0,PASS
502.0,PASS
1249.0,PASS
1341.0,PASS
1475.0,PASS
212.0,PASS
1319.0,PASS
748.0,PASS
634.0,PASS
643.0,PASS
990.0,PASS
832.0,FAIL
1411.0,PASS
1156.0,PASS
413.0,PASS
76.0,PASS
43.0,PASS
1518.0,PASS
912.0,PASS
120.0,PASS
1336.0,PASS
10.0,PASS
872.0,FAIL
1202.0,PASS
445.0,PASS
842.0,PASS
670.0,PASS
470.0,PASS
610.0,PASS
37.0,PASS
1086.0,PASS
396.0,PASS
1136.0,PASS
1196.0,PASS
264.0,PASS
737.0,PASS
1270.0,PASS
1236.0,PASS
1530.0,PASS
867.0,PASS
834.0,PASS
812.0,PASS
42.0,PASS
100.0,PASS
857.0,PASS
1297.0,PASS
119.0,PASS
735.0,PASS
727.0,PASS
665.0,PASS
944.0,PASS
1456.0,PASS
131.0,PASS
1310.0,PASS
62.0,PASS
173.0,PASS
836.0,PASS
393.0,PASS
358.0,PASS
1522.0,PASS
96.0,PASS
831.0,PASS
459.0,PASS
706.0,PASS
69.0,PASS
1303.0,PASS
112.0,PASS
1014.0,PASS
447.0,PASS
508.0,PASS
696.0,PASS
1540.0,PASS
1537.0,PASS
647.0,PASS
1524.0,PASS
1260.0,PASS
352.0,FAIL
589.0,PASS
693.0,PASS
302.0,PASS
751.0,PASS
511.0,PASS
217.0,PASS
356.0,PASS
899.0,PASS
448.0,PASS
888.0,PASS
23.0,PASS
776.0,PASS
719.0,PASS
596.0,PASS
676.0,PASS
392.0,PASS
1479.0,PASS
635.0,FAIL
1313.0,PASS
32.0,PASS
473.0,PASS
905.0,PASS
585.0,PASS
273.0,PASS
535.0,PASS
636.0,PASS
347.0,PASS
53.0,PASS
427.0,PASS
194.0,PASS
1291.0,PASS
414.0,PASS
52.0,PASS
609.0,PASS
1268.0,PASS
1269.0,PASS
624.0,PASS
963.0,PASS
1.0,PASS
284.0,PASS
208.0,PASS
531.0,PASS
1009.0,PASS
13.0,PASS
544.0,PASS
1002.0,PASS
1434.0,PASS
1514.0,PASS
1094.0,PASS
39.0,FAIL
300.0,PASS
1021.0,PASS
837.0,PASS
200.0,PASS
479.0,PASS
952.0,PASS
1464.0,PASS
1367.0,PASS
1482.0,PASS
57.0,PASS
295.0,FAIL
1343.0,FAIL
1382.0,PASS
71.0,PASS
245.0,FAIL
147.0,PASS
818.0,PASS
979.0,PASS
1096.0,PASS
254.0,PASS
1348.0,PASS
1070.0,PASS
1001.0,PASS
121.0,PASS
1191.0,PASS
425.0,FAIL
657.0,PASS
15.0,FAIL
796.0,FAIL
298.0,PASS
725.0,PASS
1019.0,PASS
166.0,PASS
1018.0,PASS
1010.0,PASS
971.0,PASS
1071.0,PASS
570.0,PASS
348.0,PASS
305.0,PASS
820.0,PASS
537.0,PASS
423.0,PASS
56.0,PASS
1232.0,PASS
227.0,PASS
1359.0,PASS
974.0,PASS
1473.0,PASS
497.0,PASS
815.0,PASS
293.0,PASS
1465.0,PASS
170.0,FAIL
426.0,PASS
681.0,PASS
783.0,PASS
1188.0,PASS
250.0,PASS
18.0,PASS
439.0,PASS
740.0,PASS
790.0,PASS
1243.0,FAIL
107.0,PASS
532.0,PASS
701.0,PASS
1184.0,PASS
446.0,PASS
1042.0,PASS
403.0,PASS
1023.0,PASS
1526.0,PASS
1074.0,PASS
881.0,PASS
811.0,PASS
222.0,PASS
935.0,PASS
1437.0,PASS
327.0,FAIL
1229.0,PASS
770.0,PASS
341.0,PASS
79.0,PASS
1180.0,PASS
679.0,PASS
617.0,PASS
1334.0,PASS
11.0,FAIL
1054.0,PASS
779.0,PASS
326.0,PASS
168.0,FAIL
252.0,PASS
739.0,PASS
1428.0,PASS
1390.0,PASS
808.0,PASS
1281.0,PASS
373.0,PASS
688.0,PASS
527.0,PASS
1020.0,PASS
420.0,PASS
506.0,PASS
1502.0,PASS
940.0,PASS
604.0,PASS
1301.0,PASS
949.0,PASS
136.0,PASS
1104.0,PASS
1314.0,PASS
203.0,PASS
1247.0,PASS
1073.0,PASS
47.0,PASS
422.0,PASS
1043.0,PASS
850.0,PASS
606.0,FAIL
51.0,FAIL
995.0,PASS
198.0,PASS
1121.0,PASS
1356.0,PASS
678.0,PASS
503.0,PASS
437.0,PASS
1089.0,PASS
464.0,PASS
1435.0,PASS
849.0,PASS
317.0,PASS
99.0,PASS
523.0,PASS
920.0,PASS
1347.0,PASS
1285.0,PASS
1065.0,PASS
669.0,PASS
576.0,PASS
744.0,PASS
82.0,PASS
803.0,PASS
1344.0,FAIL
137.0,PASS
1276.0,PASS
516.0,PASS
960.0,PASS
714.0,PASS
1462.0,PASS
564.0,PASS
591.0,PASS
478.0,PASS
405.0,PASS
289.0,PASS
1427.0,PASS
242.0,FAIL
865.0,PASS
684.0,PASS
1287.0,PASS
169.0,PASS
571.0,PASS
1425.0,PASS
389.0,PASS
543.0,PASS
199.0,PASS
1511.0,PASS
1245.0,PASS
788.0,PASS
879.0,PASS
372.0,PASS
315.0,PASS
487.0,PASS
886.0,PASS
545.0,PASS
499.0,PASS
409.0,PASS
313.0,PASS
855.0,PASS
233.0,PASS
841.0,PASS
160.0,PASS
778.0,PASS
629.0,PASS
1031.0,PASS
789.0,PASS
859.0,PASS
1225.0,PASS
268.0,PASS
876.0,PASS
1557.0,PASS
764.0,PASS
111.0,PASS
1538.0,PASS
1016.0,PASS
1492.0,PASS
1523.0,PASS
1520.0,FAIL
628.0,PASS
1504.0,PASS
626.0,PASS
344.0,PASS
202.0,PASS
891.0,PASS
677.0,PASS
1116.0,PASS
26.0,PASS
707.0,PASS
451.0,PASS
1221.0,PASS
25.0,PASS
21.0,PASS
618.0,PASS
972.0,PASS
251.0,PASS
1195.0,PASS
453.0,PASS
297.0,PASS
1217.0,PASS
1444.0,FAIL
1095.0,PASS
471.0,PASS
40.0,PASS
562.0,PASS
1131.0,PASS
260.0,PASS
801.0,PASS
116.0,FAIL
332.0,PASS
457.0,PASS
1252.0,PASS
33.0,PASS
2.0,PASS
762.0,PASS
1157.0,PASS
320.0,PASS
1213.0,PASS
582.0,PASS
805.0,PASS
1304.0,FAIL
124.0,PASS
78.0,PASS
802.0,PASS
1546.0,PASS
106.0,PASS
1113.0,PASS
482.0,PASS
1263.0,PASS
48.0,PASS
138.0,PASS
1141.0,PASS
769.0,PASS
1027.0,PASS
898.0,PASS
880.0,PASS
875.0,PASS
1085.0,PASS
1406.0,PASS
181.0,FAIL
1567.0,PASS
331.0,PASS
129.0,PASS
1214.0,PASS
415.0,PASS
400.0,PASS
1396.0,PASS
64.0,PASS
1150.0,PASS
385.0,PASS
55.0,PASS
810.0,PASS
824.0,PASS
12.0,FAIL
1049.0,PASS
1532.0,PASS
1388.0,PASS
1489.0,PASS
418.0,PASS
1114.0,PASS
1081.0,PASS
631.0,PASS
1118.0,PASS
1238.0,PASS
1240.0,PASS
334.0,PASS
948.0,PASS
1216.0,PASS
378.0,PASS
821.0,PASS
743.0,PASS
312.0,PASS
845.0,PASS
130.0,PASS
552.0,PASS
1461.0,PASS
945.0,PASS
31.0,PASS
1446.0,PASS
19.0,PASS
1006.0,PASS
306.0,PASS
154.0,PASS
476.0,PASS
162.0,PASS
1551.0,PASS
1210.0,PASS
1423.0,PASS
175.0,PASS
736.0,PASS
826.0,PASS
1052.0,PASS
695.0,PASS
598.0,PASS
1369.0,PASS
894.0,PASS
292.0,FAIL
279.0,PASS
1378.0,PASS
118.0,PASS
1501.0,PASS
1266.0,PASS
587.0,PASS
1339.0,PASS
353.0,PASS
1353.0,PASS
1224.0,PASS
1322.0,PASS
1168.0,PASS
603.0,PASS
1182.0,PASS
759.0,PASS
498.0,PASS
1119.0,PASS
1401.0,FAIL
878.0,PASS
54.0,PASS
1395.0,PASS
34.0,PASS
465.0,PASS
382.0,PASS
1292.0,PASS
638.0,PASS
303.0,PASS
259.0,PASS
6.0,PASS
5.0,PASS
632.0,PASS
529.0,PASS
884.0,PASS
214.0,PASS
792.0,PASS
507.0,PASS
993.0,PASS
501.0,PASS
1315.0,PASS
555.0,PASS
330.0,PASS
1306.0,PASS
1316.0,PASS
682.0,PASS
942.0,PASS
1448.0,PASS
782.0,PASS
1111.0,PASS
814.0,PASS
515.0,PASS
1199.0,PASS
388.0,PASS
270.0,PASS
1485.0,PASS
481.0,PASS
504.0,PASS
161.0,PASS
1342.0,PASS
90.0,PASS
987.0,PASS
1190.0,FAIL
909.0,PASS
1366.0,PASS
1234.0,PASS
710.0,FAIL
1248.0,PASS
863.0,PASS
996.0,PASS
1206.0,PASS
193.0,PASS
1282.0,PASS
577.0,FAIL
197.0,PASS
1272.0,PASS
892.0,PASS
1204.0,PASS
825.0,PASS
1439.0,PASS
1566.0,PASS
1516.0,PASS
1171.0,PASS
225.0,PASS
613.0,PASS
466.0,PASS
742.0,PASS
1026.0,PASS
1242.0,FAIL
387.0,PASS
340.0,PASS
547.0,PASS
1173.0,PASS
1207.0,PASS
966.0,PASS
694.0,PASS
1172.0,PASS
1187.0,PASS
1561.0,PASS
1025.0,PASS
1512.0,PASS
918.0,PASS
218.0,PASS
1451.0,PASS
977.0,PASS
484.0,PASS
1525.0,PASS
381.0,PASS
153.0,PASS
338.0,PASS
449.0,FAIL
708.0,PASS
1068.0,PASS
95.0,PASS
231.0,PASS
1166.0,PASS
1040.0,PASS
1139.0,PASS
913.0,PASS
1326.0,FAIL
720.0,PASS
318.0,PASS
973.0,PASS
1275.0,PASS
430.0,PASS
1069.0,PASS
1458.0,PASS
666.0,PASS
1455.0,PASS
190.0,FAIL
421.0,PASS
1055.0,PASS
823.0,PASS
1477.0,PASS
1307.0,PASS
364.0,PASS
323.0,PASS
444.0,PASS
220.0,PASS
890.0,PASS
428.0,PASS
595.0,PASS
495.0,PASS
287.0,PASS
994.0,PASS
615.0,PASS
171.0,PASS
583.0,PASS
754.0,PASS
893.0,PASS
804.0,PASS
1120.0,PASS
683.0,PASS
1361.0,PASS
1472.0,PASS
505.0,PASS
196.0,PASS
951.0,PASS
365.0,PASS
1555.0,PASS
213.0,PASS
128.0,PASS
1226.0,PASS
1032.0,PASS
164.0,PASS
1106.0,PASS
158.0,FAIL
970.0,PASS
1483.0,PASS
1186.0,FAIL
132.0,FAIL
310.0,PASS
1377.0,PASS
1384.0,PASS
1147.0,PASS
1239.0,FAIL
357.0,PASS
1264.0,PASS
398.0,PASS
1294.0,PASS
256.0,PASS
755.0,PASS
699.0,PASS
1090.0,PASS
419.0,PASS
1541.0,PASS
1463.0,PASS
1017.0,PASS
519.0,FAIL
674.0,PASS
1005.0,PASS
184.0,PASS
1130.0,PASS
1158.0,PASS
692.0,PASS
443.0,PASS
968.0,PASS
209.0,PASS
223.0,FAIL
391.0,PASS
276.0,PASS
602.0,FAIL
1442.0,PASS
1143.0,PASS
916.0,PASS
1349.0,PASS
1159.0,PASS
14.0,PASS
1244.0,PASS
1488.0,PASS
597.0,PASS
1296.0,PASS
549.0,PASS
205.0,PASS
17.0,PASS
1246.0,PASS
1189.0,PASS
89.0,PASS
984.0,PASS
1494.0,PASS
1460.0,PASS
1362.0,PASS
856.0,PASS
1051.0,PASS
265.0,PASS
377.0,PASS
350.0,PASS
758.0,PASS
467.0,PASS
314.0,PASS
975.0,PASS
492.0,PASS
1295.0,PASS
1273.0,PASS
328.0,FAIL
1029.0,PASS
1478.0,PASS
700.0,PASS
1178.0,PASS
1038.0,PASS
1363.0,PASS
915.0,FAIL
691.0,PASS
230.0,PASS
108.0,PASS
1097.0,PASS
296.0,PASS
1533.0,PASS
247.0,PASS
286.0,PASS
534.0,PASS
1045.0,PASS
1420.0,PASS
1126.0,PASS
839.0,PASS
1203.0,PASS
557.0,PASS
219.0,FAIL
716.0,PASS
1048.0,PASS
586.0,PASS
561.0,PASS
844.0,PASS
186.0,PASS
870.0,PASS
930.0,FAIL
1105.0,PASS
102.0,PASS
1082.0,PASS
1355.0,PASS
1230.0,PASS
667.0,PASS
248.0,PASS
1288.0,PASS
1436.0,PASS
956.0,PASS
1102.0,PASS
522.0,PASS
491.0,PASS
366.0,PASS
1036.0,PASS
407.0,FAIL
133.0,PASS
767.0,PASS
1368.0,PASS
1122.0,PASS
1318.0,PASS
1215.0,PASS
277.0,PASS
1499.0,PASS
816.0,PASS
77.0,PASS
1398.0,PASS
797.0,PASS
376.0,PASS
469.0,PASS
976.0,PASS
434.0,PASS
1333.0,PASS
721.0,PASS
1449.0,PASS
1412.0,PASS
172.0,PASS
333.0,PASS
957.0,PASS
981.0,PASS
1077.0,PASS
177.0,PASS
627.0,PASS
642.0,PASS
947.0,PASS
241.0,FAIL
1536.0,PASS
828.0,PASS
830.0,PASS
472.0,PASS
517.0,PASS
663.0,PASS
156.0,PASS
191.0,PASS
588.0,PASS
1507.0,PASS
460.0,PASS
936.0,PASS
1155.0,PASS
1350.0,PASS
1549.0,PASS
660.0,PASS
908.0,PASS
1277.0,PASS
728.0,PASS
232.0,FAIL
1487.0,PASS
630.0,PASS
1490.0,PASS
1370.0,PASS
278.0,FAIL
1177.0,PASS
123.0,PASS
1174.0,PASS
904.0,PASS
1441.0,PASS
263.0,PASS
1251.0,PASS
1035.0,PASS
520.0,PASS
581.0,PASS
322.0,FAIL
93.0,PASS
1127.0,PASS
1280.0,PASS
433.0,PASS
1066.0,PASS
1033.0,PASS
946.0,PASS
991.0,PASS
1457.0,PASS
1527.0,PASS
1259.0,PASS
835.0,PASS
309.0,PASS
1459.0,PASS
1327.0,PASS
67.0,PASS
1144.0,PASS
568.0,PASS
226.0,PASS
565.0,PASS
349.0,PASS
115.0,PASS
1000.0,PASS
937.0,PASS
1022.0,PASS
686.0,PASS
869.0,PASS
178.0,PASS
1513.0,PASS
41.0,FAIL
901.0,PASS
718.0,PASS
992.0,PASS
441.0,PASS
997.0,PASS
319.0,PASS
733.0,PASS
704.0,PASS
1535.0,PASS
877.0,PASS
717.0,PASS
258.0,PASS
621.0,PASS
1379.0,PASS
1447.0,PASS
363.0,PASS
1117.0,PASS
1134.0,PASS
546.0,PASS
36.0,PASS
486.0,PASS
871.0,PASS
752.0,PASS
114.0,PASS
85.0,PASS
512.0,PASS
1438.0,PASS
221.0,PASS
362.0,PASS
488.0,PASS
526.0,PASS
83.0,FAIL
809.0,PASS
394.0,PASS
1381.0,PASS
1354.0,PASS
359.0,PASS
410.0,PASS
109.0,PASS
1218.0,PASS
236.0,FAIL
1329.0,FAIL
1255.0,PASS
375.0,PASS
1151.0,PASS
1109.0,PASS
1391.0,PASS
1320.0,PASS
255.0,PASS
1060.0,PASS
787.0,PASS
573.0,PASS
1498.0,PASS
239.0,FAIL
1403.0,PASS
969.0,PASS
1312.0,PASS
370.0,PASS
1392.0,PASS
500.0,PASS
1062.0,PASS
800.0,PASS
1011.0,PASS
468.0,PASS
1424.0,PASS
746.0,PASS
924.0,PASS
493.0,PASS
1067.0,PASS
653.0,PASS
1112.0,PASS
851.0,PASS
530.0,PASS
1330.0,FAIL
1103.0,PASS
1046.0,PASS
785.0,PASS
275.0,PASS
1163.0,PASS
1076.0,PASS
283.0,FAIL
954.0,PASS
819.0,PASS
150.0,PASS
1529.0,PASS
889.0,PASS
101.0,PASS
961.0,PASS
1309.0,PASS
988.0,PASS
228.0,PASS
525.0,PASS
914.0,PASS
1028.0,PASS
1250.0,PASS
868.0,PASS
559.0,PASS
1208.0,PASS
1338.0,PASS
917.0,PASS
454.0,PASS
1416.0,PASS
244.0,FAIL
731.0,PASS
965.0,PASS
780.0,PASS
325.0,PASS
1554.0,PASS
541.0,PASS
747.0,PASS
346.0,PASS
267.0,PASS
1500.0,PASS
1376.0,PASS
1175.0,PASS
1050.0,PASS
97.0,FAIL
360.0,PASS
1099.0,PASS
1400.0,PASS
1405.0,PASS
1253.0,PASS
1132.0,PASS
1219.0,PASS
424.0,PASS
664.0,PASS
337.0,FAIL
1547.0,PASS
87.0,PASS
1059.0,PASS
540.0,PASS
1402.0,PASS
1227.0,PASS
1149.0,PASS
1145.0,FAIL
781.0,PASS
827.0,FAIL
1431.0,PASS
709.0,PASS
1564.0,PASS
958.0,PASS
633.0,PASS
253.0,PASS
1278.0,PASS
569.0,PASS
1389.0,PASS
24.0,FAIL
1197.0,PASS
294.0,PASS
1212.0,FAIL
1179.0,PASS
216.0,PASS
63.0,PASS
1544.0,PASS
579.0,PASS
765.0,PASS
1360.0,PASS
922.0,PASS
3.0,FAIL
1418.0,PASS
1274.0,PASS
1279.0,PASS
1386.0,PASS
1399.0,PASS
1223.0,PASS
432.0,PASS
1466.0,PASS
655.0,PASS
229.0,PASS
1192.0,PASS
151.0,PASS
1323.0,PASS
724.0,PASS
299.0,PASS
195.0,PASS
873.0,PASS
1233.0,PASS
1383.0,PASS
623.0,PASS
182.0,PASS
745.0,PASS
135.0,PASS
1311.0,PASS
933.0,PASS
397.0,PASS
1198.0,PASS
1093.0,PASS
1154.0,PASS
955.0,PASS
806.0,PASS
1101.0,PASS
1469.0,PASS
234.0,PASS
645.0,PASS
